"rgn_id","trend"
1,0.000944941
2,0.000944941
3,0.000944941
4,0.000944941
5,0.000944941
6,0.00289504
7,0.00289504
8,0.00289504
9,0.00289504
10,NA
11,-4.61871e-05
12,-4.61871e-05
13,-4.61871e-05
14,-4.61871e-05
15,-0.00475887
16,-0.00475887
17,-0.0150988
18,0.00258236
19,0.00258236
20,0.00139359
21,0.00240589
22,0.00240589
23,0.0029483
24,0.0029483
25,0.0029483
