"rgn_id","value"
1,0.0332417
2,0.0332417
3,0.0332417
4,0.0332417
5,0.0332417
6,0.0332417
7,0.0332417
8,0.0332417
9,0.0332417
10,NA
11,0.0332417
12,0.0332417
13,0.0332417
14,0.0332417
15,0.0332417
16,0.0332417
17,0.0332417
18,0.0332417
19,0.0332417
20,0.0332417
21,0.0332417
22,0.0332417
23,0.0332417
24,0.0332417
25,0.0332417
