"rgn_id","score"
1,0.182184
2,0.182184
3,0.182184
4,0.182184
5,0.182184
6,0.182184
7,0.182184
8,0.182184
9,0.182184
10,NA
11,0.182184
12,0.182184
13,0.182184
14,0.182184
15,0.182184
16,0.182184
17,0.182184
18,0.182184
19,0.182184
20,0.182184
21,0.182184
22,0.182184
23,0.182184
24,0.182184
25,0.182184
