"rgn_id","score"
1,0.13509
2,0.13509
3,0.13509
4,0.13509
5,0.13509
6,0.126633
7,0.126633
8,0.126633
9,0.126633
10,NA
11,0.146624
12,0.146624
13,0.146624
14,0.146624
15,0.210566
16,0.210566
17,0.331992
18,0.646772
19,0.646772
20,0.343174
21,0.369304
22,0.369304
23,0.294667
24,0.294667
25,0.294667
