"rgn_id","pressures.score"
1,0.0320959
2,0.0320959
3,0.0320959
4,0.0320959
5,0.0320959
6,0.0320959
7,0.0320959
8,0.0320959
9,0.0320959
10,NA
11,0.0320959
12,0.0320959
13,0.0320959
14,0.0320959
15,0.0320959
16,0.0320959
17,0.0320959
18,0.0320959
19,0.0320959
20,0.0320959
21,0.0320959
22,0.0320959
23,0.0320959
24,0.0320959
25,0.0320959
