"rgn_id","score"
1,0.168335
2,0.168335
3,0.168335
4,0.168335
5,0.168335
6,0.168335
7,0.168335
8,0.168335
9,0.168335
10,NA
11,0.168335
12,0.168335
13,0.168335
14,0.168335
15,0.168335
16,0.168335
17,0.168335
18,0.168335
19,0.168335
20,0.168335
21,0.168335
22,0.168335
23,0.168335
24,0.168335
25,0.168335
