"rgn_id","pressures.score"
1,0.044364
2,0.044364
3,0.044364
4,0.044364
5,0.044364
6,0.0231444
7,0.0231444
8,0.0231444
9,0.0231444
10,NA
11,0.0022641
12,0.0022641
13,0.0022641
14,0.0022641
15,0.0145839
16,0.0145839
17,0.00908313
18,0.040537
19,0.040537
20,0.00177656
21,0.00823979
22,0.00823979
23,0.010405
24,0.010405
25,0.010405
